"Dataset","Mean_Accuracy","Std_Accuracy","Mean_F1","Std_F1","Mean_Precision","Std_precision","Mean_Recall","Std_Recall"
"3.2.Cebolla10D.csv",0.959111111111111,0.00580218833953695,0.958780768065418,0.00598367538851923,0.96354156954157,0.0050414108588902,0.959111111111111,0.00580218833953695
